﻿designator,quantity,value,pack,mpn,mount_type
"C1, C2",2,10uF,C_0402_1005Metric,,smt
"C3, C5, C6",3,1uF,C_0402_1005Metric,,smt
C4,1,100nF,C_0402_1005Metric,,smt
C7,1,0.1uF,C_0402_1005Metric,,smt
D1,1,WS2812B,LED_WS2812B_PLCC4_5.0x5.0mm_P3.2mm,,smt
D2,1,LED,LED_0603_1608Metric,,smt
D3,1,1N4148,D_DO-35_SOD27_P7.62mm_Horizontal,,tht
J1,1,USB_C_Receptacle_USB2.0,USB_C_Receptacle_HRO_TYPE-C-31-M-12,,smt
"J2, J4",2,Conn_01x12_Pin,PinHeader_1x12_P2.54mm_Vertical,,tht
"R1, R12, R13, R14, R15, R16, R18, R5, R6, R7",10,10K,R_0402_1005Metric,,smt
"R10, R9",2,27.4,R_0402_1005Metric,,smt
"R11, R2, R4",3,5.1K,R_0402_1005Metric,,smt
"R17, R8",2,1K,R_0402_1005Metric,,smt
R3,1,56K,R_0402_1005Metric,,smt
SW1,1,RST,SW_SPST_PTS810,,smt
SW2,1,BOOT,SW_SPST_PTS810,,smt
U1,1,ESP32-C3-MINI-1,ESP32-C3-MINI-1,,smt
U2,1,CH217K,SOT-23-6,,smt
U3,1,AMS1117-3.3,SOT-223-3_TabPin2,,smt
U4,1,DHT11,Aosong_DHT11_5.5x12.0_P2.54mm,,tht
U5,1,BMP280,Bosch_LGA-8_2x2.5mm_P0.65mm_ClockwisePinNumbering,,smt
U6,1,BH1750FVI,6-WSOF-BH1750,,tht
