﻿pos_x,pos_y,rotation,side,designator,mpn,pack,value,mount_type,place
170.94,-74.0,0.0,top,C1,,C_0402_1005Metric,10uF,smt,True
173.48,-74.0,0.0,top,C2,,C_0402_1005Metric,10uF,smt,True
190.96,-73.66,0.0,top,C3,,C_0402_1005Metric,1uF,smt,True
193.5,-73.66,0.0,top,C4,,C_0402_1005Metric,100nF,smt,True
185.48,-73.66,0.0,top,C5,,C_0402_1005Metric,1uF,smt,True
176.48,-74.0,0.0,top,C6,,C_0402_1005Metric,1uF,smt,True
202.52,-75.0,0.0,top,C7,,C_0402_1005Metric,0.1uF,smt,True
155.0,-92.0,0.0,top,D1,,LED_WS2812B_PLCC4_5.0x5.0mm_P3.2mm,WS2812B,smt,True
170.0,-78.74,0.0,top,D2,,LED_0603_1608Metric,LED,smt,True
206.0,-88.62,90.0,top,D3,,D_DO-35_SOD27_P7.62mm_Horizontal,1N4148,tht,True
150.0,-82.0,-90.0,top,J1,,USB_C_Receptacle_HRO_TYPE-C-31-M-12,USB_C_Receptacle_USB2.0,smt,True
177.76,-68.0,90.0,top,J2,,PinHeader_1x12_P2.54mm_Vertical,Conn_01x12_Pin,tht,True
178.06,-93.0,90.0,top,J4,,PinHeader_1x12_P2.54mm_Vertical,Conn_01x12_Pin,tht,True
157.49,-78.46,0.0,top,R1,,R_0402_1005Metric,10K,smt,True
164.49,-89.0,0.0,top,R10,,R_0402_1005Metric,27.4,smt,True
196.49,-73.0,0.0,top,R11,,R_0402_1005Metric,5.1K,smt,True
172.49,-86.0,0.0,top,R12,,R_0402_1005Metric,10K,smt,True
169.53,-84.0,0.0,top,R13,,R_0402_1005Metric,10K,smt,True
169.49,-86.0,0.0,top,R14,,R_0402_1005Metric,10K,smt,True
172.51,-84.0,0.0,top,R15,,R_0402_1005Metric,10K,smt,True
196.49,-75.0,0.0,top,R16,,R_0402_1005Metric,10K,smt,True
199.49,-75.0,0.0,top,R17,,R_0402_1005Metric,1K,smt,True
199.51,-73.0,0.0,top,R18,,R_0402_1005Metric,10K,smt,True
157.49,-84.0,0.0,top,R2,,R_0402_1005Metric,5.1K,smt,True
157.49,-81.0,0.0,top,R3,,R_0402_1005Metric,56K,smt,True
157.49,-86.54,0.0,top,R4,,R_0402_1005Metric,5.1K,smt,True
182.54,-73.66,0.0,top,R5,,R_0402_1005Metric,10K,smt,True
180.0,-73.66,0.0,top,R6,,R_0402_1005Metric,10K,smt,True
188.49,-73.66,180.0,top,R7,,R_0402_1005Metric,10K,smt,True
173.0,-78.74,0.0,top,R8,,R_0402_1005Metric,1K,smt,True
161.49,-89.0,0.0,top,R9,,R_0402_1005Metric,27.4,smt,True
163.0,-77.0,0.0,top,SW1,,SW_SPST_PTS810,RST,smt,True
163.0,-83.0,0.0,top,SW2,,SW_SPST_PTS810,BOOT,smt,True
185.72,-83.48,-90.0,top,U1,,ESP32-C3-MINI-1,ESP32-C3-MINI-1,smt,True
155.1375,-71.95,0.0,top,U2,,SOT-23-6,CH217K,smt,True
164.0,-70.0,0.0,top,U3,,SOT-223-3_TabPin2,AMS1117-3.3,smt,True
199.0,-79.0,0.0,top,U4,,Aosong_DHT11_5.5x12.0_P2.54mm,DHT11,tht,True
171.0,-89.0,0.0,top,U5,,Bosch_LGA-8_2x2.5mm_P0.65mm_ClockwisePinNumbering,BMP280,smt,True
206.0,-75.0,90.0,top,U6,,6-WSOF-BH1750,BH1750FVI,tht,True
